Feature,Coefficient
TCC,0.06480808870455233
CCCT,0.05350412039544171
CTT,0.0485914379798805
CGT,0.04796140515134005
TTTCT,0.04421163033317421
GTTA,0.04363315015380592
AAT,0.03974556184184693
CCT,0.039063665628801716
CTTTC,0.03835016509325501
CTCT,0.03161108774243548
GCC,0.030249560630049313
CGC,0.030021284496363355
ATG,0.029846510666637203
AAAAAA,0.028092346178264335
GCT,0.027206246842001014
TTAC,0.02720577967322661
TCTCT,0.026371596665524827
TCA,0.025797771407220945
TATT,0.023155174587403696
CCA,0.023079451868178967
AAC,0.02143938603692193
ATT,0.01825670606794501
GCA,0.016530093794993043
TTT,0.014445351733394597
TGT,0.014309693383775881
ATGT,0.013320237601204165
TCT,0.012883204618995295
CAT,0.012620454798478857
TCTC,0.012497433360923564
TCG,0.01246736218326264
TTTT,0.010587239517507525
TTTTT,0.009725350124631061
TTGT,0.008597001698118053
CTTT,0.006982140277189967
GTGT,0.006730414596697177
AAAAA,0.0063512867824736426
TTC,0.005991307301156219
CTC,0.0017460993403469668
AAG,0.0011747969781954262
ACA,-0.0010450076796938226
GTC,-0.00127236987735243
ACC,-0.0026095141101966854
CCC,-0.005946638496632177
GTG,-0.007831421573150938
TTTC,-0.008386260624282244
ATA,-0.009568658269665208
TAT,-0.012067917643757451
GGA,-0.013320601265890674
TGC,-0.015451186159955558
TTA,-0.017236476479813717
AGA,-0.02050846721807603
CAG,-0.021221792101660916
AAA,-0.022079185324405892
CACA,-0.023569647840956977
AGC,-0.023788104184132013
TGTGT,-0.024471191233010708
GGG,-0.027761984666990938
TGG,-0.027895350428890686
GAG,-0.02878723382564578
TAG,-0.03253229135624956
CAGA,-0.03579847973479674
TAA,-0.03799222954946491
AGG,-0.03978743563175132
GAA,-0.04218383162509392
ACG,-0.04344888835812809
TTGG,-0.044034558095028487
TGA,-0.04460622589128943
AATC,-0.04804429373400563
CAA,-0.05305905865753757
TTTTTTT,-0.08494007107796146
